{"cameraMode":{"drawMode":0,"name":"Shaded","section":"Shading Mode"},"sceneLighting":true,"audioPlay":false,"sceneViewState":{"m_AlwaysRefresh":false,"showFog":true,"showSkybox":true,"showFlares":true,"showImageEffects":true,"showParticleSystems":true,"showVisualEffectGraphs":true,"m_FxEnabled":true},"in2DMode":false,"pivot":{"x":-0.16529585421085359,"y":0.3640344738960266,"z":-0.1225273385643959},"rotation":{"x":-0.06189638003706932,"y":0.9334153532981873,"z":-0.19681411981582642,"w":-0.29355210065841677},"size":2.6979432106018068,"orthographic":false}